episode_number,title,air_date
1,Episode 1,"September 16, 2025"
2,Episode 2,"September 17, 2025"
3,Episode 3,"September 18, 2025"
4,Episode 4,"September 19, 2025"
5,Episode 5: Aftersun,"September 20, 2025"
6,Episode 6,"September 21, 2025"
7,Episode 7,"September 22, 2025"
8,Episode 8,"September 23, 2025"
9,Episode 9,"September 25, 2025"
10,Episode 10,"September 26, 2025"
11,Episode 11: Aftersun,"September 27, 2025"
12,Episode 12,"September 28, 2025"
13,Episode 13,"September 29, 2025"
14,Episode 14,"September 30, 2025"
15,Episode 15,"October 2, 2025"
16,Episode 16,"October 3, 2025"
17,Episode 17: Aftersun,"October 4, 2025"
18,Episode 18,"October 5, 2025"