id,title,author,created_utc,created_date,score,num_comments,url,permalink,selftext
1oyi7q4,Change of time the episodes drop,Normal-Ad7269,1763288207.0,2025-11-16 21:16:47,164,61,https://v.redd.it/n40dfi54hl1g1,https://www.reddit.com/r/LoveIslandAus/comments/1oyi7q4/change_of_time_the_episodes_drop/,"First; Sophie looks so goooooddddd!! Love her. 
Second; what is the reason for this? "
1oyf8li,Anyone know these songs from Episode 7 of the new Season 7? Can't find them.,plainorbit,1763277071.0,2025-11-16 18:11:11,1,0,https://www.reddit.com/r/LoveIslandAus/comments/1oyf8li/anyone_know_these_songs_from_episode_7_of_the_new/,https://www.reddit.com/r/LoveIslandAus/comments/1oyf8li/anyone_know_these_songs_from_episode_7_of_the_new/,"Anyone know these songs from Episode 7 of the new Season 7? Can't find them.

15:34 where Gabby and Jotham are talking lyrics are - ""feel your heartbeat through hoping that you can feel mine too my wish come true feel your body burst""

33:30 - When transitioning to next scene after Isabel talks lyrics are - lyrics streaming the days away for a love that will never change leaving my heart to ache

40:31 - Kay stands to make his decision and a great beat starts, lyrics are - got a bad feeling some"
1oxeako,Season 1 summary/gossip,throwawayhole13,1763168787.0,2025-11-15 12:06:27,5,16,https://www.reddit.com/r/LoveIslandAus/comments/1oxeako/season_1_summarygossip/,https://www.reddit.com/r/LoveIslandAus/comments/1oxeako/season_1_summarygossip/,"Watching season 1 in the uk and the tv app deleted it - i was only on episode 9 and just getting invested ðŸ˜­ where do i look to find out all the drama that happened each episode? Plus give me the goss!

Which Aus season is best? Was it indeed season 1 or is there another? We dont have all seasons available sadly."
1ox6hqw,Lacey love,TeachingLow2494,1763149579.0,2025-11-15 06:46:19,2,0,https://www.reddit.com/r/LoveIslandAus/comments/1ox6hqw/lacey_love/,https://www.reddit.com/r/LoveIslandAus/comments/1ox6hqw/lacey_love/,I love Lacey. I donâ€™t want her to go but I feel that is happening based off of episode 11 (Iâ€™m in USA I only get episodes later on Hulu) I know she is ditsy and indecisive but sheâ€™s on love island ! And itâ€™s still early days itâ€™s normal to not know who you want to be with yet! All I know if she does leave I hope they bring her back later on! 
1owmjt5,Mick is hilarious,The_CW9261,1763093215.0,2025-11-14 15:06:55,3,1,https://www.reddit.com/r/LoveIslandAus/comments/1owmjt5/mick_is_hilarious/,https://www.reddit.com/r/LoveIslandAus/comments/1owmjt5/mick_is_hilarious/,Iâ€™m on episode 9 right now and watching him sprint up the stairs after he set up the picnic so Lacey could surprise Kye made me cackle so loud. Heâ€™s such a weirdo but in a very charming way. I rarely actually like any of the men (mostly tolerate the okay ones) but Mick is winning me over! 
1owijc8,If they do a repeat of last season Iâ€™m done,Double-Ad2470,1763081801.0,2025-11-14 11:56:41,1,0,https://www.reddit.com/r/LoveIslandAus/comments/1owijc8/if_they_do_a_repeat_of_last_season_im_done/,https://www.reddit.com/r/LoveIslandAus/comments/1owijc8/if_they_do_a_repeat_of_last_season_im_done/,"&gt;!If they bring Lacey back in a few episodes Iâ€™m never watching again! Sheâ€™s already Hannah 2.0, we donâ€™t need the same storyline again!&lt;"
1ow14cp,Completely OVER Lacey,moolmule,1763040646.0,2025-11-14 00:30:46,3,1,https://www.reddit.com/r/LoveIslandAus/comments/1ow14cp/completely_over_lacey/,https://www.reddit.com/r/LoveIslandAus/comments/1ow14cp/completely_over_lacey/,"Lacey is so boring. Itâ€™s the same thing over and over with every person in the villa, guys AND girls. She just wants the spotlight and 100% of everyoneâ€™s attention. Iâ€™m so bored of how much air time is dedicated to her and this little game she plays on repeat. I feel like half the episodes are her in the beach hut just yammering about absolutely nothing. The producers have lost the plot if they think viewers are interested in her antics. "
1ovugzx,Season 7 Episode 12 (Thursday 13th November) Discussion Thread,WillowSwarm,1763017282.0,2025-11-13 18:01:22,29,462,https://www.reddit.com/r/LoveIslandAus/comments/1ovugzx/season_7_episode_12_thursday_13th_november/,https://www.reddit.com/r/LoveIslandAus/comments/1ovugzx/season_7_episode_12_thursday_13th_november/,
